row_kind,label,model,het,method,data_seed,run_seed,heldout_quarantined,heldout_retrained,delta_retrained_minus_quarantined,torch_quarantined,sd_pair_ref,n,mean_delta,sd_delta,min_delta,max_delta,mean_abs_delta
summary,all,all,,,,,,,0.0002337279178662937,,,54,0.0002337279178662937,0.00041102128073125657,-1.2060983074491105e-06,0.001336048888401109,0.00023390755127038765
summary,l3/a01,l3,a01,,,,,,0.0008416423295961817,,,15,0.0008416423295961817,0.0003021662151443188,0.00020566223329288036,0.001336048888401109,0.0008416423295961817
summary,tl/a05,tl,a05,,,,,,-8.531741443244064e-08,,,39,-8.531741443244064e-08,2.679236146781957e-07,-1.2060983074491105e-06,7.839247533336646e-07,1.634057604668544e-07
summary,l3,l3,,,,,,,0.0008416423295961817,,,15,0.0008416423295961817,0.0003021662151443188,0.00020566223329288036,0.001336048888401109,0.0008416423295961817
summary,tl,tl,,,,,,,-8.531741443244064e-08,,,39,-8.531741443244064e-08,2.679236146781957e-07,-1.2060983074491105e-06,7.839247533336646e-07,1.634057604668544e-07
pair,l3/a01,l3,a01,fedit,2007,7001,1.797139433667916,1.79812866703183,0.0009892333639138773,2.14.0+cu130,0.0077,1,0.0009892333639138773,,0.0009892333639138773,0.0009892333639138773,0.0009892333639138773
pair,l3/a01,l3,a01,fedit,2008,7001,1.8051823232062807,1.806069935271073,0.0008876120647922647,2.11.0+cu128,0.0077,1,0.0008876120647922647,,0.0008876120647922647,0.0008876120647922647,0.0008876120647922647
pair,l3/a01,l3,a01,fedit,2008,7002,1.8056900174917263,1.8066053217805558,0.000915304288829466,2.14.0+cu130,0.0077,1,0.000915304288829466,,0.000915304288829466,0.000915304288829466,0.000915304288829466
pair,l3/a01,l3,a01,fedit,2009,7002,1.822389432791983,1.8235481176795698,0.0011586848875868583,2.11.0+cu128,0.0077,1,0.0011586848875868583,,0.0011586848875868583,0.0011586848875868583,0.0011586848875868583
pair,l3/a01,l3,a01,fedit,2010,7001,1.800216919855089,1.8011359550374224,0.0009190351823333831,2.14.0+cu130,0.0077,1,0.0009190351823333831,,0.0009190351823333831,0.0009190351823333831,0.0009190351823333831
pair,l3/a01,l3,a01,ffa_lora,2007,7001,1.831651556076032,1.8321410039430708,0.0004894478670387503,2.14.0+cu130,0.0077,1,0.0004894478670387503,,0.0004894478670387503,0.0004894478670387503,0.0004894478670387503
pair,l3/a01,l3,a01,ffa_lora,2008,7001,1.8291724407979757,1.8296956983069765,0.0005232575090008407,2.11.0+cu128,0.0077,1,0.0005232575090008407,,0.0005232575090008407,0.0005232575090008407,0.0005232575090008407
pair,l3/a01,l3,a01,ffa_lora,2008,7002,1.8290401860263998,1.8295801465787167,0.0005399605523168649,2.14.0+cu130,0.0077,1,0.0005399605523168649,,0.0005399605523168649,0.0005399605523168649,0.0005399605523168649
pair,l3/a01,l3,a01,ffa_lora,2009,7002,1.8339339095883218,1.8345490774842836,0.0006151678959618323,2.11.0+cu128,0.0077,1,0.0006151678959618323,,0.0006151678959618323,0.0006151678959618323,0.0006151678959618323
pair,l3/a01,l3,a01,ffa_lora,2010,7001,1.840427674986977,1.84063333722027,0.00020566223329288036,2.14.0+cu130,0.0077,1,0.00020566223329288036,,0.00020566223329288036,0.00020566223329288036,0.00020566223329288036
pair,l3/a01,l3,a01,flora,2007,7001,1.8038483943535064,1.8047873293751906,0.0009389350216841841,2.14.0+cu130,0.0077,1,0.0009389350216841841,,0.0009389350216841841,0.0009389350216841841,0.0009389350216841841
pair,l3/a01,l3,a01,flora,2008,7001,1.796370754508433,1.797363635301476,0.0009928807930428274,2.11.0+cu128,0.0077,1,0.0009928807930428274,,0.0009928807930428274,0.0009928807930428274,0.0009928807930428274
pair,l3/a01,l3,a01,flora,2008,7002,1.7972722287333796,1.7986082776217807,0.001336048888401109,2.14.0+cu130,0.0077,1,0.001336048888401109,,0.001336048888401109,0.001336048888401109,0.001336048888401109
pair,l3/a01,l3,a01,flora,2009,7002,1.7997958131253105,1.8008745662914842,0.0010787531661737848,2.11.0+cu128,0.0077,1,0.0010787531661737848,,0.0010787531661737848,0.0010787531661737848,0.0010787531661737848
pair,l3/a01,l3,a01,flora,2010,7001,1.8043874669992972,1.805422118228871,0.001034651229573802,2.14.0+cu130,0.0077,1,0.001034651229573802,,0.001034651229573802,0.001034651229573802,0.001034651229573802
pair,tl/a05,tl,a05,fedit,2001,7001,1.6910635983174749,1.691063778934783,1.8061730822083177e-07,2.14.0+cu130,0.00108,1,1.8061730822083177e-07,,1.8061730822083177e-07,1.8061730822083177e-07,1.8061730822083177e-07
pair,tl/a05,tl,a05,fedit,2002,7001,1.6920081674586107,1.6920082288318512,6.137324048971493e-08,2.11.0+cu128,0.00108,1,6.137324048971493e-08,,6.137324048971493e-08,6.137324048971493e-08,6.137324048971493e-08
pair,tl/a05,tl,a05,fedit,2002,7002,1.6917725877657472,1.6917724778362837,-1.0992946353205468e-07,2.14.0+cu130,0.00108,1,-1.0992946353205468e-07,,-1.0992946353205468e-07,-1.0992946353205468e-07,1.0992946353205468e-07
pair,tl/a05,tl,a05,fedit,2003,7002,1.6910985572941242,1.6910985373229885,-1.997113563412256e-08,2.11.0+cu128,0.00108,1,-1.997113563412256e-08,,-1.997113563412256e-08,-1.997113563412256e-08,1.997113563412256e-08
pair,tl/a05,tl,a05,fedit,2004,7001,1.6910526778496153,1.691052593109705,-8.47399104220159e-08,2.14.0+cu130,0.00108,1,-8.47399104220159e-08,,-8.47399104220159e-08,-8.47399104220159e-08,8.47399104220159e-08
pair,tl/a05,tl,a05,fedit,2005,7001,1.692295001700233,1.692295011483918,9.783684973285744e-09,2.11.0+cu128,0.00108,1,9.783684973285744e-09,,9.783684973285744e-09,9.783684973285744e-09,9.783684973285744e-09
pair,tl/a05,tl,a05,fedit,2005,7002,1.692265520109499,1.6922651910200641,-3.2908943481402275e-07,2.14.0+cu130,0.00108,1,-3.2908943481402275e-07,,-3.2908943481402275e-07,-3.2908943481402275e-07,3.2908943481402275e-07
pair,tl/a05,tl,a05,fedit,2006,7002,1.6915256569990431,1.6915255611360653,-9.586297777808284e-08,2.11.0+cu128,0.00108,1,-9.586297777808284e-08,,-9.586297777808284e-08,-9.586297777808284e-08,9.586297777808284e-08
pair,tl/a05,tl,a05,fedit,2007,7001,1.691966065131465,1.69196603195227,-3.317919494705279e-08,2.14.0+cu130,0.00108,1,-3.317919494705279e-08,,-3.317919494705279e-08,-3.317919494705279e-08,3.317919494705279e-08
pair,tl/a05,tl,a05,fedit,2008,7001,1.6912626437323295,1.6912627290363242,8.53039947568135e-08,2.11.0+cu128,0.00108,1,8.53039947568135e-08,,8.53039947568135e-08,8.53039947568135e-08,8.53039947568135e-08
pair,tl/a05,tl,a05,fedit,2008,7002,1.691299048826508,1.6912990010862992,-4.774020889719566e-08,2.14.0+cu130,0.00108,1,-4.774020889719566e-08,,-4.774020889719566e-08,-4.774020889719566e-08,4.774020889719566e-08
pair,tl/a05,tl,a05,fedit,2009,7002,1.6927821801506395,1.6927819905037382,-1.8964690129408268e-07,2.11.0+cu128,0.00108,1,-1.8964690129408268e-07,,-1.8964690129408268e-07,-1.8964690129408268e-07,1.8964690129408268e-07
pair,tl/a05,tl,a05,fedit,2010,7001,1.6924616679589084,1.6924615741927982,-9.376611020961434e-08,2.14.0+cu130,0.00108,1,-9.376611020961434e-08,,-9.376611020961434e-08,-9.376611020961434e-08,9.376611020961434e-08
pair,tl/a05,tl,a05,ffa_lora,2001,7001,1.7178046012237578,1.7178045225064036,-7.871735419051618e-08,2.14.0+cu130,0.00108,1,-7.871735419051618e-08,,-7.871735419051618e-08,-7.871735419051618e-08,7.871735419051618e-08
pair,tl/a05,tl,a05,ffa_lora,2002,7001,1.7179322500637941,1.717932158168069,-9.18957250295449e-08,2.11.0+cu128,0.00108,1,-9.18957250295449e-08,,-9.18957250295449e-08,-9.18957250295449e-08,9.18957250295449e-08
pair,tl/a05,tl,a05,ffa_lora,2002,7002,1.7178224085499283,1.717822337057945,-7.149198322231598e-08,2.14.0+cu130,0.00108,1,-7.149198322231598e-08,,-7.149198322231598e-08,-7.149198322231598e-08,7.149198322231598e-08
pair,tl/a05,tl,a05,ffa_lora,2003,7002,1.7176220579546897,1.7176220106190947,-4.733559499925377e-08,2.11.0+cu128,0.00108,1,-4.733559499925377e-08,,-4.733559499925377e-08,-4.733559499925377e-08,4.733559499925377e-08
pair,tl/a05,tl,a05,ffa_lora,2004,7001,1.7164959988081308,1.7164959627898517,-3.6018279025995525e-08,2.14.0+cu130,0.00108,1,-3.6018279025995525e-08,,-3.6018279025995525e-08,-3.6018279025995525e-08,3.6018279025995525e-08
pair,tl/a05,tl,a05,ffa_lora,2005,7001,1.7197627754644575,1.7197627040106456,-7.145381197837253e-08,2.11.0+cu128,0.00108,1,-7.145381197837253e-08,,-7.145381197837253e-08,-7.145381197837253e-08,7.145381197837253e-08
pair,tl/a05,tl,a05,ffa_lora,2005,7002,1.7197092671207936,1.7197091493738825,-1.1774691111021696e-07,2.14.0+cu130,0.00108,1,-1.1774691111021696e-07,,-1.1774691111021696e-07,-1.1774691111021696e-07,1.1774691111021696e-07
pair,tl/a05,tl,a05,ffa_lora,2006,7002,1.7188235741326443,1.7188235264984661,-4.7634178157451856e-08,2.11.0+cu128,0.00108,1,-4.7634178157451856e-08,,-4.7634178157451856e-08,-4.7634178157451856e-08,4.7634178157451856e-08
pair,tl/a05,tl,a05,ffa_lora,2007,7001,1.7199966324695914,1.7199965553096195,-7.715997196733326e-08,2.14.0+cu130,0.00108,1,-7.715997196733326e-08,,-7.715997196733326e-08,-7.715997196733326e-08,7.715997196733326e-08
pair,tl/a05,tl,a05,ffa_lora,2008,7001,1.7183515347776614,1.7183514609292472,-7.384841427260369e-08,2.11.0+cu128,0.00108,1,-7.384841427260369e-08,,-7.384841427260369e-08,-7.384841427260369e-08,7.384841427260369e-08
pair,tl/a05,tl,a05,ffa_lora,2008,7002,1.7185395149491918,1.7185394355956523,-7.93535395171574e-08,2.14.0+cu130,0.00108,1,-7.93535395171574e-08,,-7.93535395171574e-08,-7.93535395171574e-08,7.93535395171574e-08
pair,tl/a05,tl,a05,ffa_lora,2009,7002,1.7165269635279707,1.7165269468887507,-1.6639220001835042e-08,2.11.0+cu128,0.00108,1,-1.6639220001835042e-08,,-1.6639220001835042e-08,-1.6639220001835042e-08,1.6639220001835042e-08
pair,tl/a05,tl,a05,ffa_lora,2010,7001,1.7198349525150554,1.7198348373247616,-1.1519029374795764e-07,2.14.0+cu130,0.00108,1,-1.1519029374795764e-07,,-1.1519029374795764e-07,-1.1519029374795764e-07,1.1519029374795764e-07
pair,tl/a05,tl,a05,flora,2001,7001,1.6932607403774351,1.6932610680044915,3.2762705637345846e-07,2.14.0+cu130,0.00108,1,3.2762705637345846e-07,,3.2762705637345846e-07,3.2762705637345846e-07,3.2762705637345846e-07
pair,tl/a05,tl,a05,flora,2002,7001,1.6946050447817986,1.694605828706552,7.839247533336646e-07,2.11.0+cu128,0.00108,1,7.839247533336646e-07,,7.839247533336646e-07,7.839247533336646e-07,7.839247533336646e-07
pair,tl/a05,tl,a05,flora,2002,7002,1.6944568078461726,1.6944567282602132,-7.958595937829216e-08,2.14.0+cu130,0.00108,1,-7.958595937829216e-08,,-7.958595937829216e-08,-7.958595937829216e-08,7.958595937829216e-08
pair,tl/a05,tl,a05,flora,2003,7002,1.6940376044249381,1.694037424880663,-1.795442752250409e-07,2.11.0+cu128,0.00108,1,-1.795442752250409e-07,,-1.795442752250409e-07,-1.795442752250409e-07,1.795442752250409e-07
pair,tl/a05,tl,a05,flora,2004,7001,1.6928794051642408,1.6928791264691812,-2.786950596966875e-07,2.14.0+cu130,0.00108,1,-2.786950596966875e-07,,-2.786950596966875e-07,-2.786950596966875e-07,2.786950596966875e-07
pair,tl/a05,tl,a05,flora,2005,7001,1.6938921422141207,1.69389188572448,-2.564896406376249e-07,2.11.0+cu128,0.00108,1,-2.564896406376249e-07,,-2.564896406376249e-07,-2.564896406376249e-07,2.564896406376249e-07
pair,tl/a05,tl,a05,flora,2005,7002,1.6939868865215617,1.6939869364035953,4.988203361477872e-08,2.14.0+cu130,0.00108,1,4.988203361477872e-08,,4.988203361477872e-08,4.988203361477872e-08,4.988203361477872e-08
pair,tl/a05,tl,a05,flora,2006,7002,1.694018584027867,1.6940183158858524,-2.6814201459224307e-07,2.11.0+cu128,0.00108,1,-2.6814201459224307e-07,,-2.6814201459224307e-07,-2.6814201459224307e-07,2.6814201459224307e-07
pair,tl/a05,tl,a05,flora,2007,7001,1.6942989263865293,1.6942989121486978,-1.423783158038816e-08,2.14.0+cu130,0.00108,1,-1.423783158038816e-08,,-1.423783158038816e-08,-1.423783158038816e-08,1.423783158038816e-08
pair,tl/a05,tl,a05,flora,2008,7001,1.6943129233228345,1.694311717224527,-1.2060983074491105e-06,2.11.0+cu128,0.00108,1,-1.2060983074491105e-06,,-1.2060983074491105e-06,-1.2060983074491105e-06,1.2060983074491105e-06
pair,tl/a05,tl,a05,flora,2008,7002,1.694526036161652,1.6945255310303553,-5.051312967907506e-07,2.14.0+cu130,0.00108,1,-5.051312967907506e-07,,-5.051312967907506e-07,-5.051312967907506e-07,5.051312967907506e-07
pair,tl/a05,tl,a05,flora,2009,7002,1.6934534150729814,1.6934534392836573,2.421067590852033e-08,2.11.0+cu128,0.00108,1,2.421067590852033e-08,,2.421067590852033e-08,2.421067590852033e-08,2.421067590852033e-08
pair,tl/a05,tl,a05,flora,2010,7001,1.6944805597321828,1.6944804259652724,-1.3376691043731626e-07,2.14.0+cu130,0.00108,1,-1.3376691043731626e-07,,-1.3376691043731626e-07,-1.3376691043731626e-07,1.3376691043731626e-07
